slide_type,image_category,overlay_style,text_placement,image_sources,search_keywords
hero,abstract-tech,gradient-dark,center,seeded,technology abstract gradient dark
vision,future-workspace,gradient-brand,left,seeded,futuristic office modern workspace
team,professional-people,gradient-dark,bottom,seeded,business team professional diverse
testimonial,office-environment,blur-dark,center,seeded,modern office workspace bright
cta,celebration-success,gradient-brand,center,seeded,success celebration achievement
problem,frustration-pain,desaturate-dark,center,seeded,stress frustration problem dark
solution,breakthrough-moment,gradient-accent,right,seeded,breakthrough success innovation light
hook,attention-grabbing,gradient-dark,center,seeded,dramatic abstract attention bold
social,community-connection,blur-dark,center,seeded,community collaboration connection
demo,product-showcase,gradient-dark,left,seeded,technology product showcase clean
